{
  "ensemble": {
    "p025_real": -62191.457905318886,
    "p975_real": 23748.766165347355
  },
  "ensemble_equal": {
    "p025_real": -61967.276325015446,
    "p975_real": 23786.621954706898
  },
  "lgbm": {
    "p025_real": -62420.595054144585,
    "p975_real": 24750.347363325807
  },
  "xgb": {
    "p025_real": -62504.53497807317,
    "p975_real": 23954.03943337957
  },
  "cb": {
    "p025_real": -63021.109810373426,
    "p975_real": 24150.753064599885
  }
}